﻿<?xml version="1.0" encoding="utf-8" standalone="yes"?>
<languages>
    <language name="Norsk" id="no">
      <contenttypes>
        <icontentdata>
          <property name="TargetGoal">
            <caption>Mål</caption>
            <help>Måle for denne blokken. Når en bruker når målet etter å ha vist en av blokkvariasjonene du har valgt i testen, vil den bli telt som en konvertering.</help>
          </property>
          <property name="Variations">
            <caption>Variasjoner</caption>
            <help>Velg to eller flere blokker med lignende innhold for å inkludere i testen.</help>
          </property>
        </icontentdata>
      </contenttypes>
      <episerver>
        <cms>
          <addons>
            <optimizingblock>
              <preview>
                <goal>
                  <title>Målside</title>
                  <description>En blokkvariasjon betraktes som vellykket hvis den besøkende når denne siden.</description>
                  <label>Bruker besøker siden: </label>
                </goal>
                <variations>
                  <title>Legg til variantene her</title>
                  <description>Blokkvariasjonen som gjør det best, vil vises for besøkende. Kom tilbake hit for å se statistikk.</description>
                </variations>
              </preview>
              <description>Den selvoptimaliserende blokken gjengir alltid blokkvariasjonen som gjør det best, i redigeringsvisning.</description>
              <statistic>
                <boostvalue>
                  <title>
                    <betters>{0} ganger bedre</betters>
                    <marginally>Marginalt bedre</marginally>
                    <least>Minst bra</least>
                  </title>
                  <description>Konverteringssannsynlighet</description>
                </boostvalue>
                <probability>
                  <title>{0} av hver {1}</title>
                  <description>Besøkende vil se denne</description>
                </probability>
                <exposure>Eksponeringer siden {0}</exposure>
                <conversion>Konverteringer</conversion>
                <never>
                  <exposure>Ikke eksponert ennå</exposure>
                  <conversion>Ingen konverteringer ennå</conversion>
                </never>
              </statistic>
            </optimizingblock>
          </addons>
        </cms>
      </episerver>
    </language>
</languages>