﻿<?xml version="1.0" encoding="utf-8" standalone="yes"?>
<languages>
  <language name="English" id="en">
    <contenttypes>
      <icontentdata>
        <property name="TargetGoal">
          <caption>Goal</caption>
          <help>The goal for this block. When a user reaches the goal after viewing one of the block variations you have selected in the test, it will be counted as a conversion.</help>
        </property>
        <property name="Variations">
          <caption>Variations</caption>
          <help>Select two or more blocks with similar content to include in the test.</help>
        </property>
      </icontentdata>
    </contenttypes>
    <episerver>
      <cms>
        <addons>
          <optimizingblock>
            <preview>
              <goal>
                <title>Goal page</title>
                <description>A block variation is considered successful if the visitor reaches this page.</description>
                <label>User visits the page: </label>
              </goal>
              <variations>
                <title>Add your variants here</title>
                <description>The best performing block variation will be shown to visitors. Come back here to see statistics.</description>
              </variations>
              <warning>
                                The Self Optimizing Block needs session state to be enabled. 
                                This can be done by adding a &lt;code&gt;&amp;lt;sessionState&amp;gt;&lt;/code&gt; 
                                element to the &lt;strong&gt;web.config&lt;/strong&gt; file.
                            </warning>
            </preview>
            <description>The Self-Optimizing Block always renders the best performing block variation in edit view.</description>
            <statistic>
              <boostvalue>
                <title>
                  <betters>{0} times better</betters>
                  <marginally>Marginally better</marginally>
                  <least>Least good</least>
                </title>
                <description>Conversion probability</description>
              </boostvalue>
              <probability>
                <title>{0} out of every {1}</title>
                <description>Visitor will see this</description>
              </probability>
              <exposure>Exposures since {0}</exposure>
              <conversion>Conversions</conversion>
              <never>
                <exposure>Not exposed yet</exposure>
                <conversion>No conversions yet</conversion>
              </never>
            </statistic>
          </optimizingblock>
        </addons>
      </cms>
    </episerver>
  </language>
</languages>