﻿<?xml version="1.0" encoding="utf-8" standalone="yes"?>
<languages>
    <language name="Português" id="pt">
      <contenttypes>
        <icontentdata>
          <property name="TargetGoal">
            <caption>Objectivo</caption>
            <help>O objectivo para este bloco. Quando um utilizador alcança o objectivo depois de ver uma das variações do bloco que seleccionou no teste, será contado com uma conversão.</help>
          </property>
          <property name="Variations">
            <caption>Variações</caption>
            <help>Seleccione dois ou mais blocos com um conteúdo similar para serem incluídos no teste.</help>
          </property>
        </icontentdata>
      </contenttypes>
      <episerver>
        <cms>
          <addons>
            <optimizingblock>
              <preview>
                <goal>
                  <title>Pagina do objectivo</title>
                  <description>A variação do bloco e considerada bem sucedida se o visitante chegar à página.</description>
                  <label>Utilizador visita a página: </label>
                </goal>
                <variations>
                  <title>Adicione aqui as variáveis</title>
                  <description>A variação do bloco com um melhor desemprenho será mostrada aos visitantes. Volte aqui para ver as estatísticas</description>
                </variations>
              </preview>
              <description>A Optimização Automática do Bloco compões a variação do bloco com um melhor desemprenho na edição de visualização.</description>
              <statistic>
                <boostvalue>
                  <title>
                    <betters>{0} vezes melhor</betters>
                    <marginally>Marginalmente melhor</marginally>
                    <least>Menos bom</least>
                  </title>
                  <description>Probabilidade de conversão</description>
                </boostvalue>
                <probability>
                  <title>{0} em cada {1}</title>
                  <description>O visitante visualizará isto</description>
                </probability>
                <exposure>Exposições desde {0}</exposure>
                <conversion>Conversões</conversion>
                <never>
                  <exposure>Ainda não foi exposto</exposure>
                  <conversion>Ainda não foi convertido</conversion>
                </never>
              </statistic>
            </optimizingblock>
          </addons>
        </cms>
      </episerver>
    </language>
</languages>