﻿<?xml version="1.0" encoding="utf-8" standalone="yes"?>
<languages>
    <language name="English" id="en">
        <visitorgroupscriteriapack>
            <downloadcriterion>
                <category>URL Criteria</category>
                <displayname>Downloaded file</displayname>
                <description>Match when user download a specific file</description>
                <virtualpath>Path</virtualpath>
            </downloadcriterion>
        </visitorgroupscriteriapack>
    </language>
</languages>