﻿<?xml version="1.0" encoding="utf-8" standalone="yes"?>
<languages>
  <language name="Deutsch" id="de">
    <contenttypes>
      <icontentdata>
        <property name="TargetGoal">
          <caption>Ziel</caption>
          <help>Das Ziel für diesen Block. Wenn ein Benutzer nach Anzeige einer im Test gewählten Blockvariante das Ziel erreicht, zählt dieser Vorgang als Konvertierung.</help>
        </property>
        <property name="Variations">
          <caption>Varianten</caption>
          <help>Wählen Sie zwei oder mehr Blöcke mit einem ähnlichen Inhalt aus, um diese in den Test aufzunehmen.</help>
        </property>
      </icontentdata>
    </contenttypes>
    <episerver>
      <cms>
        <addons>
          <optimizingblock>
            <preview>
              <goal>
                <title>Zielseite</title>
                <description>Eine Blockvariante gilt als erfolgreich, wenn der Benutzer diese Seite erreicht.</description>
                <label>Benutzer ruft die Seite auf: </label>
              </goal>
              <variations>
                <title>Fügen Sie Ihre Varianten hier hinzu</title>
                <description>Die Blockvariante mit der besten Leistung wird für Besucher angezeigt. Rufen Sie diese Seite erneut auf, um Statistiken einzusehen.</description>
              </variations>
            </preview>
            <description>Der selbstoptimierende Block stellt stets die Blockvariante mit der besten Leistung in der Bearbeitungsansicht dar.</description>
            <statistic>
              <boostvalue>
                <title>
                  <betters>{0}mal besser</betters>
                  <marginally>Etwas besser</marginally>
                  <least>Schlechteste Leistung</least>
                </title>
                <description>Konvertierungswahrscheinlichkeit</description>
              </boostvalue>
              <probability>
                <title>{0} von {1}</title>
                <description>Besuchern werden dies sehen</description>
              </probability>
              <exposure>Aufrufe seit {0}</exposure>
              <conversion>Konvertierungen</conversion>
              <never>
                <exposure>Noch nicht aufgerufen</exposure>
                <conversion>Noch nicht konvertiert</conversion>
              </never>
            </statistic>
          </optimizingblock>
        </addons>
      </cms>
    </episerver>
  </language>
</languages>