<?xml version="1.0" encoding="utf-8" standalone="yes"?>
<languages>
  <language name="Italiano" id="it">
    <contenttypes>
      <icontentdata>
        <property name="TargetGoal">
          <caption>Obiettivo</caption>
          <help>L'obiettivo di questo blocco. Quando un utente raggiunge l'obiettivo dopo aver visualizzato una delle variazioni dei blocchi selezionati nella prova, sarà considerato come una conversione.</help>
        </property>
        <property name="Variations">
          <caption>Variazioni</caption>
          <help>Selezionare due o più blocchi di contenuto analogo da includere nel test.</help>
        </property>
      </icontentdata>
    </contenttypes>
    <episerver>
      <cms>
        <addons>
          <optimizingblock>
            <preview>
              <goal>
                <title>Pagina obbiettivo</title>
                <description>Una variante del blocco viene considerata di successo se il visitatore raggiunge questa pagina.</description>
                <label>Utente visita la pagina: </label>
              </goal>
              <variations>
                <title>Aggiungi la tua variante qui</title>
                <description>La variazione di blocco con migliori prestazioni sarà visualizzata ai visitatori. Torna qui per vedere le statistiche.</description>
              </variations>
              <warning>
                                Il blocco auto-ottimizzante ha bisogno di sessioni per essere attivato.  Questo può essere fatto aggiungendo uno &lt;code&gt;&lt;sessionState&gt;&lt;/code&gt; 
                                elemento del file &lt;strong&gt;web.config&lt;/strong&gt;.
                            </warning>
            </preview>
            <description>Il blocco auto-ottimizzante rende sempre la variazione di blocco con le prestazioni migliori nella visualizzazione Modifica.</description>
            <statistic>
              <boostvalue>
                <title>
                  <betters>{0} volte meglio</betters>
                  <marginally>Marginalmente migliore</marginally>
                  <least>Meno buono</least>
                </title>
                <description>Probabilità di conversione</description>
              </boostvalue>
              <probability>
                <title>{0} di ogni {1}</title>
                <description>Il visitatore vedrà questo</description>
              </probability>
              <exposure>Esposizioni dal {0}</exposure>
              <conversion>Conversioni</conversion>
              <never>
                <exposure>Non ancora esposto</exposure>
                <conversion>Ancora nessuna conversione</conversion>
              </never>
            </statistic>
          </optimizingblock>
        </addons>
      </cms>
    </episerver>
  </language>
</languages>
