﻿<?xml version="1.0" encoding="utf-8" standalone="yes"?>
<languages>
  <language name="español" id="es">
    <contenttypes>
      <icontentdata>
        <property name="TargetGoal">
          <caption>Objetivo</caption>
          <help>El objetivo de este bloque. Cuando un usuario alcanza el objetivo después de ver una de las variaciones del bloque que usted ha seleccionado en la prueba, se contará como una conversión.</help>
        </property>
        <property name="Variations">
          <caption>Variaciones</caption>
          <help>Seleccione dos o más bloques con contenido similar para incluir en la prueba.</help>
        </property>
      </icontentdata>
    </contenttypes>
    <episerver>
      <cms>
        <addons>
          <optimizingblock>
            <preview>
              <goal>
                <title>Página de objetivo</title>
                <description>Se considera que la variación de un bloque ha tenido éxito si el visitante llega a esta página.</description>
                <label>El usuario visita la página: </label>
              </goal>
              <variations>
                <title>Añada sus variantes aquí</title>
                <description>La variación del bloque con mejores resultados se mostrará a los visitantes. Regrese aquí para ver las estadísticas.</description>
              </variations>
            </preview>
            <description>El Bloque Auto-optimizado reproduce siempre la variación del bloque con mejores resultados en la vista de edición. </description>
            <statistic>
              <boostvalue>
                <title>
                  <betters>{0} veces mejor</betters>
                  <marginally>Ligeramente mejor</marginally>
                  <least>El menos bueno</least>
                </title>
                <description>Probabilidad de conversión</description>
              </boostvalue>
              <probability>
                <title>{0} de cada {1}</title>
                <description>El visitante verá esto</description>
              </probability>
              <exposure>Exposiciones desde {0}</exposure>
              <conversion>Conversiones</conversion>
              <never>
                <exposure>No se ha expuesto todavía</exposure>
                <conversion>Ninguna conversión todavía</conversion>
              </never>
            </statistic>
          </optimizingblock>
        </addons>
      </cms>
    </episerver>
  </language>
</languages>