﻿<?xml version="1.0" encoding="utf-8" standalone="yes"?>
<languages>
    <language name="Svenska" id="sv">
      <contenttypes>
        <icontentdata>
          <property name="TargetGoal">
            <caption>Mål</caption>
            <help>Målet för det här blocket. När en användare når målet efter att en av blockvariationerna som du har valt i testet visats, räknas det som en konvertering.</help>
          </property>
          <property name="Variations">
            <caption>Variationer</caption>
            <help>Markera minst två block med liknande innehåll som ska ingå i testet.</help>
          </property>
        </icontentdata>
      </contenttypes>
      <episerver>
        <cms>
          <addons>
            <optimizingblock>
              <preview>
                <goal>
                  <title>Målsida</title>
                  <description>En blockvariation anses lyckad om besökaren når den aktuella sidan.</description>
                  <label>Användaren besöker sidan: </label>
                </goal>
                <variations>
                  <title>Lägg till dina variationer här</title>
                  <description>Den blockvariation som fungerar bäst kommer att visas för besökarna. Återkom hit för att se statistik.</description>
                </variations>
              </preview>
              <description>Det självoptimerande blocket visar alltid det bäst fungerande blocket i redigeravyn.</description>
              <statistic>
                <boostvalue>
                  <title>
                    <betters>{0} gånger bättre</betters>
                    <marginally>Marginellt bättre</marginally>
                    <least>Minst bra</least>
                  </title>
                  <description>Konverteringssannolikhet</description>
                </boostvalue>
                <probability>
                  <title>{0} av {1}</title>
                  <description>Det här visas för besökarna</description>
                </probability>
                <exposure>Visningar sedan {0}</exposure>
                <conversion>Konverteringar</conversion>
                <never>
                  <exposure>Inte visad än</exposure>
                  <conversion>Inga konverteringar än</conversion>
                </never>
              </statistic>
            </optimizingblock>
          </addons>
        </cms>
      </episerver>
    </language>
</languages>