﻿<?xml version="1.0" encoding="utf-8" standalone="yes"?>
<languages>
  <language name="suomi" id="fi">
    <contenttypes>
      <icontentdata>
        <property name="TargetGoal">
          <caption>Tavoite</caption>
          <help>Tämän lohkon tavoite. Kun joku käyttäjä saavuttaa tavoitteen yhden testiin valitsemasi lohkovariaation katsomisen jälkeen, se lasketaan muunnoksi.</help>
        </property>
        <property name="Variations">
          <caption>Variantit</caption>
          <help>Valitse testiin sisällytettäväksi kaksi tai useampi lohko, jotka sisältävät samankaltaista sisältöä.</help>
        </property>
      </icontentdata>
    </contenttypes>
    <episerver>
      <cms>
        <addons>
          <optimizingblock>
            <preview>
              <goal>
                <title>Tavoitesivu</title>
                <description>Lohkovariaatio katsotaan onnistuneeksi, jos vierailija pääsee tälle sivulle.</description>
                <label>Käyttäjä käy sivulla: </label>
              </goal>
              <variations>
                <title>Lisää omat varianttisi tähän</title>
                <description>Parhaan suorituksen lohkovariaatio näkyy vierailijoille. Palaa tänne ja katso tilastot.</description>
              </variations>
            </preview>
            <description>Itsensä optimoiva lohko antaa aina parhaan suorituksen lohkovariaation muokkausnäkymässä.</description>
            <statistic>
              <boostvalue>
                <title>
                  <betters>{0} kertaa parempi</betters>
                  <marginally>Hieman parempi</marginally>
                  <least>Heikoin</least>
                </title>
                <description>Muunnon todennäköisyys</description>
              </boostvalue>
              <probability>
                <title>{0} jokaisesta {1} kerrasta</title>
                <description>Vierailija näkee tämän</description>
              </probability>
              <exposure>Julkistamisia alkaen {0}</exposure>
              <conversion>Muunnot</conversion>
              <never>
                <exposure>Ei vielä julkistettu</exposure>
                <conversion>Ei muunnoksia vielä</conversion>
              </never>
            </statistic>
          </optimizingblock>
        </addons>
      </cms>
    </episerver>
  </language>
</languages>