﻿<?xml version="1.0" encoding="utf-8" standalone="yes"?>
<languages>
    <language name="Nederlands" id="nl">
      <contenttypes>
        <icontentdata>
          <property name="TargetGoal">
            <caption>Doelstelling</caption>
            <help>De doelstelling voor dit blok. Wanneer een gebruiker de doelstelling bereikt na het bekijken van een van de blokvariates die u in de test hebt geselecteerd, dan wordt het gerekend als een conversie.</help>
          </property>
          <property name="Variations">
            <caption>Variaties</caption>
            <help>Selecteer twee of meer blokken met vergelijkbare inhoud voor opname in de test.</help>
          </property>
        </icontentdata>
      </contenttypes>
      <episerver>
        <cms>
          <addons>
            <optimizingblock>
              <preview>
                <goal>
                  <title>Doelstellingenpagina</title>
                  <description>Een blokvariatie wordt als succesvol beschouwd als de bezoeker deze pagina bereikt.</description>
                  <label>Gebruiker bezoekt de pagina: </label>
                </goal>
                <variations>
                  <title>Voeg hier uw varianten toe</title>
                  <description>De best presterende blokvariatie wordt getoond aan bezoekers. Kom terug naar hier om de statistieken te bekijken.</description>
                </variations>
              </preview>
              <description>Het zelf-optimaliserende blok toont steeds de best presterende blokvariatie in de bewerkingsweergave.</description>
              <statistic>
                <boostvalue>
                  <title>
                    <betters>{0} keer beter</betters>
                    <marginally>Licht beter</marginally>
                    <least>Minst goed</least>
                  </title>
                  <description>Conversiemogelijkheid</description>
                </boostvalue>
                <probability>
                  <title>{0} van elke {1}</title>
                  <description>Bezoeker zal dit zien</description>
                </probability>
                <exposure>Weergaven sinds {0}</exposure>
                <conversion>Conversies</conversion>
                <never>
                  <exposure>Nog niet weergegeven</exposure>
                  <conversion>Nog geen conversies</conversion>
                </never>
              </statistic>
            </optimizingblock>
          </addons>
        </cms>
      </episerver>
    </language>
</languages>