﻿<?xml version="1.0" encoding="utf-8" standalone="yes"?>
<languages>
   <language name="français" id="fr">
     <contenttypes>
       <icontentdata>
         <property name="TargetGoal">
           <caption>Objectif</caption>
           <help>L'objectif pour ce bloc. Lorsqu'un utilisateur atteint l'objectif après avoir visualisé l'une des variations de bloc que vous avez sélectionnée dans le test, ceci sera compté en tant que conversion.</help>
         </property>
         <property name="Variations">
           <caption>Variations</caption>
           <help>Sélectionnez deux blocs ou plus avec un contenu similaire à inclure dans le test.</help>
         </property>
       </icontentdata>
     </contenttypes>
     <episerver>
       <cms>
         <addons>
           <optimizingblock>
             <preview>
               <goal>
                 <title>Page d'objectif</title>
                 <description>Une variation de bloc est considérée comme étant réussie si le visiteur atteint cette page.</description>
                 <label>L'utilisateur visite la page : </label>
               </goal>
               <variations>
                 <title>Ajoutez vos variantes ici</title>
                 <description>La variation de bloc obtenant les meilleurs résultats sera montrée aux visiteurs. Revenez ici pour voir les statistiques.</description>
               </variations>
             </preview>
             <description>Le bloc auto-optimisant montre toujours la variation de bloc obtenant les meilleurs résultats dans l'écran de modification.</description>
             <statistic>
               <boostvalue>
                 <title>
                   <betters>{0} fois mieux</betters>
                   <marginally>Légèrement mieux</marginally>
                   <least>Moins bien</least>
                 </title>
                 <description>Probabilité de conversion</description>
               </boostvalue>
               <probability>
                 <title>{0} sur tous les {1}</title>
                 <description>Le visiteur verra ceci</description>
               </probability>
               <exposure>Expositions depuis {0}</exposure>
               <conversion>Conversions</conversion>
               <never>
                 <exposure>Pas encore exposé</exposure>
                 <conversion>Pas encore de conversions</conversion>
               </never>
             </statistic>
           </optimizingblock>
         </addons>
       </cms>
     </episerver>     
   </language>
</languages>