﻿<?xml version="1.0" encoding="utf-8" standalone="yes"?>
<languages>
  <language name="dansk" id="da">
    <contenttypes>
      <icontentdata>
        <property name="TargetGoal">
          <caption>Mål</caption>
          <help>Målet for denne blok. Når en bruger når målet efter at have set en af de blokvarianter, du har valgt i testen, tæller det som en konvertering.</help>
        </property>
        <property name="Variations">
          <caption>Variationer</caption>
          <help>Vælg to eller flere blokke med lignende indhold, som skal inkluderes i testen.</help>
        </property>
      </icontentdata>
    </contenttypes>
    <episerver>
      <cms>
        <addons>
          <optimizingblock>
            <preview>
              <goal>
                <title>Målside</title>
                <description>En blokvariant anses som vellykket, hvis den besøgende når denne side.</description>
                <label>Bruger besøger siden: </label>
              </goal>
              <variations>
                <title>Tilføj dine varianter her</title>
                <description>Blokvarianten med de bedste resultater bliver vist til de besøgende. Gå tilbage hertil for at se statistik.</description>
              </variations>
            </preview>

            <description>Den selvoptimerende blok viser altid blokvarianten med de bedste resultater i redigeringsvisningen.</description>
            <statistic>
              <boostvalue>
                <title>
                  <betters>{0} gange bedre</betters>
                  <marginally>Marginalt bedre</marginally>
                  <least>Mindst god</least>
                </title>
                <description>Sandsynlighed for konvertering</description>
              </boostvalue>
              <probability>
                <title>{0} ud af hver {1}</title>
                <description>Den besøgende vil se dette</description>
              </probability>
              <exposure>Eksponeringer siden {0}</exposure>
              <conversion>Konverteringer</conversion>
              <never>
                <exposure>Ikke eksponeret endnu</exposure>
                <conversion>Ingen konverteringer endnu</conversion>
              </never>
            </statistic>
          </optimizingblock>
        </addons>
      </cms>
    </episerver>
  </language>
</languages>