﻿<?xml version="1.0" encoding="utf-8" standalone="yes"?>
<languages>
    <language name="日本語 (Japanese)" id="ja">
      <contenttypes>
        <icontentdata>
          <property name="TargetGoal">
            <caption>ゴール</caption>
            <help>このブロックのゴール。 このテストで選択したブロック バリエーションのいずれかをユーザーが見た後にゴールに達すると、変換1件として計算されます。</help>
          </property>
          <property name="Variations">
            <caption>バリエーション</caption>
            <help>このテストに含みたい、類似したコンテンツのブロックを2つ以上選択してください。</help>
          </property>
        </icontentdata>
      </contenttypes>
      <episerver>
        <cms>
          <addons>
            <optimizingblock>
              <preview>
                <goal>
                  <title>ゴールページ</title>
                  <description>訪問者がこのページに達すると、ブロック バリエーションは良好であるとみなされます。</description>
                  <label>ユーザーによるページ訪問: </label>
                </goal>
                <variations>
                  <title>ここにバリエーションを追加</title>
                  <description>最良の結果を出したブロック バリエーションが訪問者に表示されます。 統計を見るには、ここに戻ります。</description>
                </variations>
              </preview>
              <description>自己最適化ブロックは、常に結果が最良のブロック バリエーションを編集表示にレンダリングします。</description>
              <statistic>
                <boostvalue>
                  <title>
                    <betters>{0} 倍優れている</betters>
                    <marginally>わずかに優れている</marginally>
                    <least>最も良くない</least>
                  </title>
                  <description>変換確率</description>
                </boostvalue>
                <probability>
                  <title>{1} ごとに {0}</title>
                  <description>訪問者はこれを見ます</description>
                </probability>
                <exposure>{0} 以降の露出回数</exposure>
                <conversion>変換</conversion>
                <never>
                  <exposure>まだ露出されていません</exposure>
                  <conversion>まだ変換されていません</conversion>
                </never>
              </statistic>
            </optimizingblock>
          </addons>
        </cms>
      </episerver>
    </language>
</languages>