﻿<?xml version="1.0" encoding="utf-8" standalone="yes"?>
<languages>
    <language name="中文 (Chinese)" id="zh-CN">
      <contenttypes>
        <icontentdata>
          <property name="TargetGoal">
            <caption>目标</caption>
            <help>此块的目标 当用户在浏览其中一个在测试中所选的类似块后并进入目标菜单，这一目标将被视为一个类似块。</help>
          </property>
          <property name="Variations">
            <caption>类似块</caption>
            <help>选择两个或两个以上具有相似内容的块，以便包含在测试中。</help>
          </property>
        </icontentdata>
      </contenttypes>
      <episerver>
        <cms>
          <addons>
            <optimizingblock>
              <preview>
                <goal>
                  <title>目标页</title>
                  <description>如果访问者进入这一页面，则视为类似块成功。</description>
                  <label>用户访问页面： </label>
                </goal>
                <variations>
                  <title>在此处添加您的类似块</title>
                  <description>将向访问者展示最佳表现的类似块。 回到此处浏览数据。</description>
                </variations>
              </preview>
              <description>自优型块总是在编辑视图中呈现最佳表现的类似块。</description>
              <statistic>
                <boostvalue>
                  <title>
                    <betters>较之优于{0}倍</betters>
                    <marginally>比较好</marginally>
                    <least>不好</least>
                  </title>
                  <description>转换可能性</description>
                </boostvalue>
                <probability>
                  <title>每{1}中的{0}</title>
                  <description>访问者将浏览</description>
                </probability>
                <exposure>自{0}起披露</exposure>
                <conversion>转换</conversion>
                <never>
                  <exposure>尚未发布</exposure>
                  <conversion>尚未转换</conversion>
                </never>
              </statistic>
            </optimizingblock>
          </addons>
        </cms>
      </episerver>
    </language>
</languages>