﻿<?xml version="1.0" encoding="utf-8" standalone="yes"?>
<languages>
    <language name="English" id="en">
        <episerver>
            <components>
                <contentcollaboration>
                    <title>Content Collaboration</title>
                    <description>This tool enables editors to collaborate with other editors with content in realtime.</description>
                    <sharedStatus>Update Status</sharedStatus>
                    <post>Post</post>
                    <notifygroups>Notify more people...</notifygroups>
                    <statusplaceholder>Comment on {0}</statusplaceholder>
                    <writecomment>Write a Comment</writecomment>
                    <filter>Filter</filter>
                    <notifications>Notifications</notifications>
                    <noDataMessage>There is no data</noDataMessage>
                    <commentText>Comment ({0})</commentText>
                    <commentsText>Comments ({0})</commentsText>
                    <commandsubscribecontent>Notification Settings</commandsubscribecontent>
                    <clearall>Clear all</clearall>
                    <showallcomment>Show All {0} Comments...</showallcomment>
                    <checktoactivate>Select this option to subscribe</checktoactivate>
                    <unchecktodeactivate>Clear this option to unsubscribe</unchecktodeactivate>
                    <requiredfield>This value is required. &amp;nbsp;</requiredfield>
                    <readmore>Read More</readmore>
                    <yesterday>Yesterday</yesterday>
                    <today>Today</today>
                    <tomorrow>Tomorrow</tomorrow>
                    <activitytypes>
                        <none></none>
                        <created>created</created>
                        <saved>saved</saved>
                        <rejected>Rejected Changes</rejected>
                        <moved>moved</moved>
                        <published>Published</published>
                        <deleted>deleted</deleted>
                        <checkedin>Ready to Publish</checkedin>
                        <deletecontentversion>deleted content version</deletecontentversion>
                        <deletecontentlanguage>deleted content language</deletecontentlanguage>
                        <expired>expired</expired>
                        <removedexpired>removed expire</removedexpired>
                        <newdraft>started editing</newdraft>
                        <newdraftfromhere>Created a Draft</newdraftfromhere>
                        <scheduletopublish>Scheduled for Publish {0}</scheduletopublish>
                        <removedscheduletopublish>Canceled Scheduled Publishing</removedscheduletopublish>
                        <reverttopublished>Reverted to Published</reverttopublished>
                        <primarydraft>this to Primary Draft</primarydraft>
                        <setanotherprimarydraft>another Draft to Primary</setanotherprimarydraft>
                    </activitytypes>
                    <subscribetypes>
                        <none>None</none>
                        <all>Continuously for All Languages</all>
                        <languageonly>Continuously for {0}</languageonly>
                        <versionuntilpublished>This Version Until Published</versionuntilpublished>
                    </subscribetypes>
                    <emailnotificationtypes>
                        <never>Never Send E-mails</never>
                        <always>Always Send E-mails</always>
                        <whenoffline>Only Send E-mails When Offline</whenoffline>
                    </emailnotificationtypes>
                    <forallitems>E-mail Notifications</forallitems>
                    <forthisitem>For This Item</forthisitem>
                    <emailnotification>
                        <title>Add Notification E-mail Address</title>
                        <ok>Add E-mail</ok>
                        <cancel>Skip</cancel>
                        <description>
                          Add an e-mail address to be able to receive notifications.&lt;br&gt;
                          It can also be added later under "My Settings".
                        </description>
                    </emailnotification>
                    <comment>Comment</comment>
                    <wrote>wrote a comment</wrote>
                    <on>on</on>
                    <set>set</set>
                    <contextmenu>
                        <title>Context Menu</title>
                    </contextmenu>
                    <commands>
                        <changeNotificationEmail>
                            <label>Change Notification E-mail</label>
                        </changeNotificationEmail>
                    </commands>
                    <!-- dialog -->
                    <deletefeeditemtitle>Delete Comment</deletefeeditemtitle>
                    <deletefeeditemdescription>Would you like to delete this comment?&lt;br&gt;This action cannot be undone.</deletefeeditemdescription>
                    <deletefeeditemandchildrendescription>Would you like to delete this comment and its subcomments?&lt;br&gt;This action cannot be undone.</deletefeeditemandchildrendescription>
                    <cancelbutton>Cancel</cancelbutton>
                    <subscribetitle>Subscribe</subscribetitle>
                    <subcribedescription>You will subcribe on the content &lt;b&gt;{0}&lt;/b&gt; with option &lt;i&gt;{1}&lt;/i&gt;.&lt;br&gt;If you subscribe, you will receive notifications of the content.&lt;br&gt;Would you like to subscibe?</subcribedescription>
                    <unsubscribetitle>Unsubscribe</unsubscribetitle>
                    <unsubcribedescription>You subcribed on the content &lt;b&gt;{0}&lt;/b&gt; with option &lt;i&gt;{1}&lt;/i&gt;.&lt;br&gt;If you unsubscribe, you will not receive notifications of the content anymore.&lt;br&gt;Would you like to unsubscibe?</unsubcribedescription>
                    <!-- End Dialog -->
                    <notification>
                        <emailsubject>You have notifications from Content Collaboration</emailsubject>
                        <emailbody>You have had notifications from Content Collaboration on the content {0}. Please go to the content to see more details.</emailbody>
                        <latestdiscussions> Below are some latest activities:</latestdiscussions>
                        <discuss>&lt;b&gt;{0}&lt;/b&gt; wrote: {1}</discuss>
                        <you>You</you>
                    </notification>
                    <noaccessright>You have no access rights to make any activity on {0}</noaccessright>
                    <notavailablelanguage>The activity on {0} is not available in the current language</notavailablelanguage>
                    <notsupporttype>The activity on {0} is not supported for this content type</notsupporttype>
                    <contentversions>
                        <versionstatus>
                            <versionnotfound>This version no longer exists</versionnotfound>
                        </versionstatus>
                    </contentversions>
                    <users>Users</users>
                    <groups>Groups</groups>
                    <admin>
                        <displayname>Content Collaboration</displayname>
                        <description>Configuration settings for Content Collaboration.</description>
                        <alloweditdeletecomments>Allow to edit and delete comments</alloweditdeletecomments>
                        <clearfeedwhendeleteversions>Clear feeds when the source content version is deleted forever</clearfeedwhendeleteversions>
                        <savesuccess>Your configuration has been saved successfully.</savesuccess>
                        <save>Save</save>
                    </admin>
                </contentcollaboration>
            </components>
        </episerver>
    </language>
</languages>