﻿<?xml version="1.0" encoding="utf-8" ?>
<languages>
  <language name="English" id="en">
    <EPiServer>
      <salesforce>
        <providername>Salesforce</providername>
        <admin>
          <displayname>Salesforce</displayname>
          <description>Configuration settings for Salesforce.</description>
          <savesuccessfully>Your settings have been saved.</savesuccessfully>
          <errorauthentication>Error in Authentication of Credentials</errorauthentication>
          <lblEmail>Email:</lblEmail>
          <lblPassword>Password:</lblPassword>
          <lblUserKey>Token:</lblUserKey>
          <savebtn>Save</savebtn>
        </admin>
        <edit>
          <form>
            <databasename>Salesforce Lead/Activity List</databasename>
          </form>
        </edit>
        <visitorgroups>
          <criteria>
            <scoring>
              <scoringmodelname>Default</scoringmodelname>
              <scoretype>
                <totalscore>Total Score</totalscore>
              </scoretype>
            </scoring>
          </criteria>
        </visitorgroups>
      </salesforce>
    </EPiServer>
  </language>
</languages>